date,site,lst,baseline_mean,baseline_std
2025-11-18,Hula Valley,13.26,,
2025-11-19,Hula Valley,12.67,,
2025-11-20,Hula Valley,12.94,,
2025-11-21,Hula Valley,13.45,,
2025-11-22,Hula Valley,13.1,,
2025-11-23,Hula Valley,17.38,,
2025-11-24,Hula Valley,16.54,,
2025-11-25,Hula Valley,13.08,,
2025-11-26,Hula Valley,11.06,,
2025-11-27,Hula Valley,12.84,,
2025-11-28,Hula Valley,12.8,,
2025-11-29,Hula Valley,13.37,,
2025-11-30,Hula Valley,13.19,,
2025-12-01,Hula Valley,12.59,,
2025-12-02,Hula Valley,12.52,13.39,1.56
2025-12-03,Hula Valley,13.01,13.36,1.51
2025-12-04,Hula Valley,13.77,13.39,1.47
2025-12-05,Hula Valley,12.37,13.33,1.45
2025-12-06,Hula Valley,12.76,13.3,1.41
2025-12-07,Hula Valley,17.39,13.5,1.65
2025-12-08,Hula Valley,11.88,13.43,1.65
2025-12-09,Hula Valley,11.77,13.35,1.65
2025-12-10,Hula Valley,12.94,13.33,1.61
2025-12-11,Hula Valley,12.57,13.3,1.58
2025-12-12,Hula Valley,12.02,13.25,1.57
2025-12-13,Hula Valley,11.84,13.2,1.56
2025-12-14,Hula Valley,13.12,13.19,1.53
2025-12-15,Hula Valley,12.28,13.16,1.51
2025-12-16,Hula Valley,11.24,13.09,1.53
2025-12-17,Hula Valley,12.83,13.09,1.5
2025-12-18,Hula Valley,12.47,13.06,1.51
2025-12-19,Hula Valley,12.0,13.04,1.52
2025-12-20,Hula Valley,12.24,13.01,1.52
2025-12-21,Hula Valley,15.16,13.07,1.57
2025-12-22,Hula Valley,13.58,13.09,1.58
2025-12-23,Hula Valley,12.16,12.91,1.36
2025-12-24,Hula Valley,11.88,12.76,1.18
2025-12-25,Hula Valley,11.32,12.7,1.21
2025-12-26,Hula Valley,11.32,12.71,1.2
2025-12-27,Hula Valley,12.76,12.71,1.2
2025-12-28,Hula Valley,11.69,12.67,1.21
2025-12-29,Hula Valley,11.33,12.6,1.23
2025-12-30,Hula Valley,12.75,12.59,1.23
2025-12-31,Hula Valley,11.6,12.55,1.24
2026-01-01,Hula Valley,11.15,12.51,1.27
2026-01-02,Hula Valley,16.55,12.62,1.46
2026-01-03,Hula Valley,11.62,12.55,1.46
2026-01-04,Hula Valley,12.31,12.55,1.46
2026-01-05,Hula Valley,11.49,12.51,1.47
2026-01-06,Hula Valley,13.11,12.37,1.15
2026-01-07,Hula Valley,12.26,12.38,1.15
2026-01-08,Hula Valley,13.56,12.44,1.16
2026-01-09,Hula Valley,11.64,12.39,1.17
2026-01-10,Hula Valley,12.19,12.38,1.17
2026-01-11,Hula Valley,12.19,12.39,1.17
2026-01-12,Hula Valley,12.64,12.41,1.16
2026-01-13,Hula Valley,17.29,12.55,1.46
2026-01-14,Hula Valley,12.4,12.56,1.46
2026-01-15,Hula Valley,12.9,12.61,1.44
2026-01-16,Hula Valley,14.02,12.65,1.46
2026-01-17,Hula Valley,13.14,12.68,1.47
2026-01-18,Hula Valley,13.68,12.73,1.47
2026-01-19,Hula Valley,13.34,12.77,1.47
2026-01-20,Hula Valley,13.68,12.72,1.41
2026-01-21,Hula Valley,14.17,12.74,1.43
2026-01-22,Hula Valley,13.97,12.8,1.44
2026-01-23,Hula Valley,14.33,12.88,1.46
2026-01-24,Hula Valley,12.91,12.93,1.43
2026-01-25,Hula Valley,14.5,13.04,1.42
2026-01-26,Hula Valley,13.18,13.05,1.42
2026-01-27,Hula Valley,13.38,13.11,1.4
2026-01-28,Hula Valley,13.05,13.17,1.36
2026-01-29,Hula Valley,14.34,13.22,1.37
2026-01-30,Hula Valley,13.81,13.29,1.34
2026-01-31,Hula Valley,13.85,13.38,1.28
2026-02-01,Hula Valley,14.6,13.32,1.16
2026-02-02,Hula Valley,14.3,13.41,1.13
2026-02-03,Hula Valley,15.02,13.5,1.14
2026-02-04,Hula Valley,15.24,13.62,1.12
2026-02-05,Hula Valley,15.75,13.71,1.18
2026-02-06,Hula Valley,14.24,13.78,1.15
2026-02-07,Hula Valley,15.33,13.84,1.19
2026-02-08,Hula Valley,16.32,13.99,1.19
2026-02-09,Hula Valley,15.16,14.09,1.16
2026-02-10,Hula Valley,15.3,14.19,1.13
2026-02-11,Hula Valley,15.95,14.3,1.13
2026-02-12,Hula Valley,16.84,14.29,1.09
2026-02-13,Hula Valley,16.15,14.41,1.08
2026-02-14,Hula Valley,16.72,14.54,1.12
2026-02-15,Hula Valley,16.83,14.64,1.19
2026-02-16,Hula Valley,15.73,14.72,1.17
2026-02-17,Hula Valley,15.84,14.79,1.17
2026-02-18,Hula Valley,16.59,14.9,1.18
2026-02-19,Hula Valley,15.23,14.95,1.16
2026-02-20,Hula Valley,17.27,15.06,1.23
2026-02-21,Hula Valley,17.24,15.17,1.27
2026-02-22,Hula Valley,17.51,15.27,1.33
2026-02-23,Hula Valley,17.4,15.42,1.31
2026-02-24,Hula Valley,23.67,15.73,1.98
2026-02-25,Hula Valley,18.06,15.89,1.97
2026-02-26,Hula Valley,18.0,16.04,1.94
2026-02-27,Hula Valley,18.69,16.23,1.92
2026-02-28,Hula Valley,18.02,16.36,1.91
2026-03-01,Hula Valley,18.67,16.52,1.89
2026-03-02,Hula Valley,18.74,16.68,1.86
2026-03-03,Hula Valley,18.79,16.82,1.86
2026-03-04,Hula Valley,18.0,16.94,1.81
2026-03-05,Hula Valley,19.9,17.11,1.85
2026-03-06,Hula Valley,18.48,17.21,1.83
2026-03-07,Hula Valley,20.04,17.36,1.88
2026-03-08,Hula Valley,19.78,17.54,1.83
2026-03-09,Hula Valley,21.36,17.74,1.91
2026-03-10,Hula Valley,19.39,17.85,1.92
2026-03-11,Hula Valley,19.51,17.99,1.87
2026-03-12,Hula Valley,21.21,18.19,1.89
2026-03-13,Hula Valley,21.01,18.36,1.91
2026-03-14,Hula Valley,20.38,18.47,1.92
2026-03-15,Hula Valley,21.0,18.64,1.92
2026-03-16,Hula Valley,20.48,18.76,1.91
2026-03-17,Hula Valley,21.52,18.92,1.94
2026-03-18,Hula Valley,21.69,19.12,1.91
2026-03-19,Hula Valley,21.8,19.31,1.87
2026-03-20,Hula Valley,23.14,19.53,1.92
2026-03-21,Hula Valley,20.82,19.72,1.75
2026-03-22,Hula Valley,21.19,19.85,1.71
2026-03-23,Hula Valley,22.24,20.02,1.69
2026-03-24,Hula Valley,22.04,20.17,1.66
2026-03-25,Hula Valley,22.84,20.35,1.64
2026-03-26,Hula Valley,22.82,20.32,1.59
2026-03-27,Hula Valley,23.11,20.49,1.61
2026-03-28,Hula Valley,23.95,20.69,1.66
2026-03-29,Hula Valley,23.73,20.86,1.7
2026-03-30,Hula Valley,23.31,21.03,1.67
2026-03-31,Hula Valley,24.27,21.22,1.71
2026-04-01,Hula Valley,24.58,21.41,1.75
2026-04-02,Hula Valley,24.17,21.59,1.75
2026-04-03,Hula Valley,24.94,21.82,1.72
2026-04-04,Hula Valley,28.67,22.12,2.09
2026-04-05,Hula Valley,23.22,22.27,1.98
2026-04-06,Hula Valley,25.66,22.46,2.03
2026-04-07,Hula Valley,24.1,22.61,1.98
2026-04-08,Hula Valley,26.16,22.77,2.07
2026-04-09,Hula Valley,24.04,22.92,1.98
2026-04-10,Hula Valley,24.5,23.09,1.89
2026-04-11,Hula Valley,24.81,23.21,1.88
2026-04-12,Hula Valley,25.66,23.36,1.89
2026-04-13,Hula Valley,25.64,23.54,1.84
2026-04-14,Hula Valley,25.98,23.7,1.83
2026-04-15,Hula Valley,26.17,23.89,1.78
2026-04-16,Hula Valley,26.93,24.07,1.81
2026-04-17,Hula Valley,25.94,24.21,1.78
2026-04-18,Hula Valley,26.11,24.36,1.75
2026-04-19,Hula Valley,27.21,24.49,1.81
2026-04-20,Hula Valley,26.87,24.7,1.72
2026-04-21,Hula Valley,26.45,24.87,1.62
2026-04-22,Hula Valley,27.69,25.05,1.62
2026-04-23,Hula Valley,27.34,25.23,1.57
2026-04-24,Hula Valley,26.76,25.36,1.52
2026-04-25,Hula Valley,27.93,25.53,1.51
2026-04-26,Hula Valley,28.22,25.7,1.52
2026-04-27,Hula Valley,27.27,25.81,1.51
2026-04-28,Hula Valley,29.39,26.0,1.59
2026-04-29,Hula Valley,28.2,26.16,1.56
2026-04-30,Hula Valley,29.69,26.34,1.64
2026-05-01,Hula Valley,27.78,26.45,1.63
2026-05-02,Hula Valley,29.19,26.62,1.64
2026-05-03,Hula Valley,28.5,26.74,1.65
2026-05-04,Hula Valley,29.24,26.76,1.67
2026-05-05,Hula Valley,28.24,26.92,1.55
2026-05-06,Hula Valley,28.43,27.01,1.56
2026-05-07,Hula Valley,28.96,27.18,1.49
2026-05-08,Hula Valley,29.08,27.27,1.52
2026-05-09,Hula Valley,29.4,27.45,1.44
2026-05-10,Hula Valley,29.56,27.62,1.38
2026-05-11,Hula Valley,33.21,27.9,1.62
2026-05-12,Hula Valley,29.38,28.03,1.58
2026-05-13,Hula Valley,29.18,28.14,1.53
2026-05-14,Hula Valley,30.19,28.28,1.52
2026-05-15,Hula Valley,29.45,28.39,1.48
2026-05-16,Hula Valley,30.38,28.51,1.5
2025-11-18,Golan Heights,10.36,,
2025-11-19,Golan Heights,10.03,,
2025-11-20,Golan Heights,10.26,,
2025-11-21,Golan Heights,9.82,,
2025-11-22,Golan Heights,9.62,,
2025-11-23,Golan Heights,10.1,,
2025-11-24,Golan Heights,9.77,,
2025-11-25,Golan Heights,8.64,,
2025-11-26,Golan Heights,9.94,,
2025-11-27,Golan Heights,9.5,,
2025-11-28,Golan Heights,9.77,,
2025-11-29,Golan Heights,10.39,,
2025-11-30,Golan Heights,8.42,,
2025-12-01,Golan Heights,7.69,,
2025-12-02,Golan Heights,14.25,9.9,1.43
2025-12-03,Golan Heights,9.11,9.85,1.39
2025-12-04,Golan Heights,10.44,9.89,1.36
2025-12-05,Golan Heights,8.41,9.81,1.36
2025-12-06,Golan Heights,9.53,9.79,1.32
2025-12-07,Golan Heights,8.68,9.74,1.31
2025-12-08,Golan Heights,9.59,9.73,1.28
2025-12-09,Golan Heights,8.94,9.69,1.26
2025-12-10,Golan Heights,7.98,9.62,1.28
2025-12-11,Golan Heights,9.32,9.61,1.26
2025-12-12,Golan Heights,8.66,9.57,1.24
2025-12-13,Golan Heights,8.83,9.54,1.23
2025-12-14,Golan Heights,8.62,9.51,1.22
2025-12-15,Golan Heights,7.1,9.42,1.28
2025-12-16,Golan Heights,9.5,9.42,1.25
2025-12-17,Golan Heights,9.23,9.42,1.23
2025-12-18,Golan Heights,8.63,9.36,1.23
2025-12-19,Golan Heights,10.37,9.37,1.24
2025-12-20,Golan Heights,9.14,9.33,1.22
2025-12-21,Golan Heights,10.03,9.34,1.23
2025-12-22,Golan Heights,8.87,9.32,1.23
2025-12-23,Golan Heights,7.96,9.24,1.24
2025-12-24,Golan Heights,8.56,9.2,1.25
2025-12-25,Golan Heights,9.38,9.23,1.24
2025-12-26,Golan Heights,9.77,9.22,1.24
2025-12-27,Golan Heights,8.43,9.19,1.25
2025-12-28,Golan Heights,8.6,9.15,1.25
2025-12-29,Golan Heights,8.47,9.08,1.23
2025-12-30,Golan Heights,9.78,9.13,1.23
2025-12-31,Golan Heights,10.02,9.21,1.21
2026-01-01,Golan Heights,9.24,9.04,0.74
2026-01-02,Golan Heights,9.15,9.04,0.74
2026-01-03,Golan Heights,9.59,9.01,0.7
2026-01-04,Golan Heights,8.3,9.01,0.71
2026-01-05,Golan Heights,9.25,9.0,0.7
2026-01-06,Golan Heights,9.16,9.02,0.7
2026-01-07,Golan Heights,9.19,9.0,0.69
2026-01-08,Golan Heights,9.47,9.02,0.7
2026-01-09,Golan Heights,9.39,9.07,0.67
2026-01-10,Golan Heights,8.87,9.05,0.67
2026-01-11,Golan Heights,10.32,9.11,0.71
2026-01-12,Golan Heights,11.15,9.18,0.8
2026-01-13,Golan Heights,10.62,9.25,0.83
2026-01-14,Golan Heights,9.48,9.33,0.72
2026-01-15,Golan Heights,10.3,9.36,0.75
2026-01-16,Golan Heights,9.47,9.37,0.75
2026-01-17,Golan Heights,10.35,9.42,0.75
2026-01-18,Golan Heights,8.93,9.37,0.74
2026-01-19,Golan Heights,9.96,9.4,0.74
2026-01-20,Golan Heights,8.65,9.36,0.74
2026-01-21,Golan Heights,11.13,9.43,0.81
2026-01-22,Golan Heights,9.17,9.47,0.76
2026-01-23,Golan Heights,10.17,9.53,0.75
2026-01-24,Golan Heights,10.85,9.57,0.79
2026-01-25,Golan Heights,10.62,9.6,0.81
2026-01-26,Golan Heights,10.41,9.67,0.79
2026-01-27,Golan Heights,10.86,9.74,0.79
2026-01-28,Golan Heights,11.9,9.86,0.85
2026-01-29,Golan Heights,12.09,9.94,0.94
2026-01-30,Golan Heights,10.97,9.97,0.96
2026-01-31,Golan Heights,11.22,10.03,0.97
2026-02-01,Golan Heights,12.98,10.16,1.1
2026-02-02,Golan Heights,11.86,10.24,1.14
2026-02-03,Golan Heights,11.45,10.34,1.09
2026-02-04,Golan Heights,11.79,10.43,1.11
2026-02-05,Golan Heights,11.87,10.52,1.11
2026-02-06,Golan Heights,10.56,10.56,1.08
2026-02-07,Golan Heights,12.51,10.66,1.12
2026-02-08,Golan Heights,11.06,10.72,1.09
2026-02-09,Golan Heights,11.82,10.82,1.05
2026-02-10,Golan Heights,10.95,10.84,1.05
2026-02-11,Golan Heights,12.07,10.87,1.07
2026-02-12,Golan Heights,13.76,10.97,1.19
2026-02-13,Golan Heights,12.24,11.07,1.18
2026-02-14,Golan Heights,13.2,11.16,1.23
2026-02-15,Golan Heights,12.99,11.28,1.23
2026-02-16,Golan Heights,13.08,11.37,1.26
2026-02-17,Golan Heights,13.73,11.53,1.25
2026-02-18,Golan Heights,13.72,11.66,1.27
2026-02-19,Golan Heights,12.54,11.79,1.15
2026-02-20,Golan Heights,13.84,11.88,1.2
2026-02-21,Golan Heights,13.9,12.03,1.14
2026-02-22,Golan Heights,13.77,12.15,1.13
2026-02-23,Golan Heights,14.17,12.26,1.16
2026-02-24,Golan Heights,13.74,12.37,1.14
2026-02-25,Golan Heights,16.19,12.56,1.28
2026-02-26,Golan Heights,13.94,12.66,1.26
2026-02-27,Golan Heights,17.57,12.85,1.54
2026-02-28,Golan Heights,14.15,12.92,1.55
2026-03-01,Golan Heights,13.95,13.02,1.52
2026-03-02,Golan Heights,14.98,13.15,1.52
2026-03-03,Golan Heights,15.81,13.24,1.59
2026-03-04,Golan Heights,14.78,13.34,1.6
2026-03-05,Golan Heights,14.73,13.45,1.57
2026-03-06,Golan Heights,15.86,13.58,1.6
2026-03-07,Golan Heights,16.51,13.74,1.65
2026-03-08,Golan Heights,17.74,13.98,1.7
2026-03-09,Golan Heights,16.09,14.1,1.72
2026-03-10,Golan Heights,15.96,14.26,1.65
2026-03-11,Golan Heights,16.47,14.41,1.63
2026-03-12,Golan Heights,16.83,14.61,1.55
2026-03-13,Golan Heights,17.37,14.79,1.55
2026-03-14,Golan Heights,17.1,14.9,1.6
2026-03-15,Golan Heights,16.42,15.04,1.54
2026-03-16,Golan Heights,17.75,15.19,1.57
2026-03-17,Golan Heights,17.19,15.33,1.56
2026-03-18,Golan Heights,16.74,15.45,1.52
2026-03-19,Golan Heights,17.01,15.56,1.51
2026-03-20,Golan Heights,17.1,15.67,1.49
2026-03-21,Golan Heights,18.79,15.88,1.48
2026-03-22,Golan Heights,18.0,16.02,1.47
2026-03-23,Golan Heights,18.38,16.17,1.48
2026-03-24,Golan Heights,19.2,16.35,1.51
2026-03-25,Golan Heights,18.75,16.5,1.51
2026-03-26,Golan Heights,19.29,16.69,1.5
2026-03-27,Golan Heights,18.56,16.77,1.53
2026-03-28,Golan Heights,19.57,16.96,1.52
2026-03-29,Golan Heights,19.96,17.03,1.61
2026-03-30,Golan Heights,19.26,17.2,1.57
2026-03-31,Golan Heights,20.38,17.42,1.55
2026-04-01,Golan Heights,20.58,17.61,1.58
2026-04-02,Golan Heights,19.59,17.73,1.58
2026-04-03,Golan Heights,24.11,18.04,1.87
2026-04-04,Golan Heights,19.7,18.21,1.79
2026-04-05,Golan Heights,19.92,18.34,1.76
2026-04-06,Golan Heights,20.47,18.48,1.76
2026-04-07,Golan Heights,21.38,18.6,1.83
2026-04-08,Golan Heights,27.31,18.97,2.37
2026-04-09,Golan Heights,20.31,19.12,2.31
2026-04-10,Golan Heights,22.34,19.31,2.33
2026-04-11,Golan Heights,20.5,19.43,2.29
2026-04-12,Golan Heights,21.84,19.58,2.3
2026-04-13,Golan Heights,21.93,19.74,2.29
2026-04-14,Golan Heights,20.03,19.86,2.2
2026-04-15,Golan Heights,27.43,20.19,2.56
2026-04-16,Golan Heights,22.16,20.35,2.52
2026-04-17,Golan Heights,20.94,20.49,2.43
2026-04-18,Golan Heights,22.06,20.66,2.35
2026-04-19,Golan Heights,23.04,20.86,2.29
2026-04-20,Golan Heights,22.85,20.99,2.28
2026-04-21,Golan Heights,22.41,21.14,2.22
2026-04-22,Golan Heights,22.08,21.27,2.17
2026-04-23,Golan Heights,23.17,21.4,2.16
2026-04-24,Golan Heights,23.25,21.55,2.12
2026-04-25,Golan Heights,23.36,21.68,2.1
2026-04-26,Golan Heights,22.76,21.82,2.03
2026-04-27,Golan Heights,23.4,21.95,2.0
2026-04-28,Golan Heights,22.21,22.03,1.97
2026-04-29,Golan Heights,27.27,22.29,2.12
2026-04-30,Golan Heights,27.47,22.53,2.28
2026-05-01,Golan Heights,22.61,22.6,2.25
2026-05-02,Golan Heights,23.28,22.72,2.18
2026-05-03,Golan Heights,24.53,22.73,2.19
2026-05-04,Golan Heights,23.96,22.88,2.13
2026-05-05,Golan Heights,25.52,23.06,2.11
2026-05-06,Golan Heights,23.72,23.17,2.05
2026-05-07,Golan Heights,25.1,23.29,2.05
2026-05-08,Golan Heights,27.0,23.28,2.03
2026-05-09,Golan Heights,24.48,23.42,1.96
2026-05-10,Golan Heights,23.86,23.47,1.95
2026-05-11,Golan Heights,25.73,23.65,1.91
2026-05-12,Golan Heights,24.74,23.75,1.89
2026-05-13,Golan Heights,24.64,23.84,1.86
2026-05-14,Golan Heights,24.95,24.0,1.73
2026-05-15,Golan Heights,24.81,23.91,1.61
2026-05-16,Golan Heights,24.95,24.0,1.59
2025-11-18,Galilee North,12.71,,
2025-11-19,Galilee North,12.61,,
2025-11-20,Galilee North,11.64,,
2025-11-21,Galilee North,14.07,,
2025-11-22,Galilee North,11.4,,
2025-11-23,Galilee North,11.34,,
2025-11-24,Galilee North,11.42,,
2025-11-25,Galilee North,11.5,,
2025-11-26,Galilee North,11.84,,
2025-11-27,Galilee North,12.65,,
2025-11-28,Galilee North,11.37,,
2025-11-29,Galilee North,10.27,,
2025-11-30,Galilee North,10.66,,
2025-12-01,Galilee North,11.51,,
2025-12-02,Galilee North,10.1,11.67,1.02
2025-12-03,Galilee North,10.77,11.62,1.01
2025-12-04,Galilee North,11.2,11.59,0.98
2025-12-05,Galilee North,10.72,11.54,0.98
2025-12-06,Galilee North,10.01,11.46,1.01
2025-12-07,Galilee North,10.2,11.4,1.02
2025-12-08,Galilee North,10.81,11.37,1.01
2025-12-09,Galilee North,10.12,11.31,1.02
2025-12-10,Galilee North,9.23,11.22,1.09
2025-12-11,Galilee North,11.06,11.22,1.06
2025-12-12,Galilee North,11.83,11.24,1.05
2025-12-13,Galilee North,10.21,11.2,1.05
2025-12-14,Galilee North,11.45,11.21,1.03
2025-12-15,Galilee North,10.96,11.2,1.01
2025-12-16,Galilee North,13.75,11.29,1.1
2025-12-17,Galilee North,10.58,11.27,1.09
2025-12-18,Galilee North,9.47,11.16,1.1
2025-12-19,Galilee North,10.39,11.08,1.07
2025-12-20,Galilee North,10.16,11.04,1.08
2025-12-21,Galilee North,9.85,10.89,0.94
2025-12-22,Galilee North,9.8,10.84,0.95
2025-12-23,Galilee North,10.87,10.83,0.95
2025-12-24,Galilee North,9.25,10.75,0.98
2025-12-25,Galilee North,9.01,10.67,1.02
2025-12-26,Galilee North,10.29,10.62,1.0
2025-12-27,Galilee North,10.57,10.55,0.92
2025-12-28,Galilee North,14.66,10.66,1.18
2025-12-29,Galilee North,10.78,10.68,1.18
2025-12-30,Galilee North,10.3,10.66,1.18
2025-12-31,Galilee North,11.47,10.66,1.18
2026-01-01,Galilee North,10.59,10.68,1.18
2026-01-02,Galilee North,10.89,10.68,1.18
2026-01-03,Galilee North,9.57,10.63,1.19
2026-01-04,Galilee North,11.45,10.65,1.2
2026-01-05,Galilee North,10.74,10.68,1.19
2026-01-06,Galilee North,10.74,10.69,1.19
2026-01-07,Galilee North,10.82,10.7,1.19
2026-01-08,Galilee North,10.41,10.71,1.19
2026-01-09,Galilee North,11.99,10.8,1.17
2026-01-10,Galilee North,11.59,10.81,1.18
2026-01-11,Galilee North,10.72,10.78,1.17
2026-01-12,Galilee North,11.7,10.83,1.17
2026-01-13,Galilee North,12.15,10.85,1.19
2026-01-14,Galilee North,10.31,10.83,1.2
2026-01-15,Galilee North,11.19,10.74,1.07
2026-01-16,Galilee North,10.88,10.75,1.07
2026-01-17,Galilee North,11.75,10.83,1.05
2026-01-18,Galilee North,11.92,10.88,1.07
2026-01-19,Galilee North,11.44,10.92,1.06
2026-01-20,Galilee North,12.68,11.02,1.09
2026-01-21,Galilee North,13.35,11.14,1.14
2026-01-22,Galilee North,12.18,11.18,1.16
2026-01-23,Galilee North,12.66,11.29,1.13
2026-01-24,Galilee North,17.27,11.57,1.5
2026-01-25,Galilee North,12.52,11.64,1.49
2026-01-26,Galilee North,11.89,11.69,1.48
2026-01-27,Galilee North,12.4,11.61,1.37
2026-01-28,Galilee North,13.47,11.7,1.4
2026-01-29,Galilee North,12.31,11.77,1.38
2026-01-30,Galilee North,13.77,11.84,1.43
2026-01-31,Galilee North,13.97,11.96,1.46
2026-02-01,Galilee North,12.19,12.0,1.45
2026-02-02,Galilee North,12.53,12.1,1.37
2026-02-03,Galilee North,14.44,12.2,1.43
2026-02-04,Galilee North,13.22,12.28,1.42
2026-02-05,Galilee North,13.1,12.36,1.39
2026-02-06,Galilee North,12.4,12.41,1.36
2026-02-07,Galilee North,13.85,12.53,1.33
2026-02-08,Galilee North,14.38,12.61,1.37
2026-02-09,Galilee North,13.54,12.67,1.37
2026-02-10,Galilee North,12.28,12.72,1.32
2026-02-11,Galilee North,15.31,12.85,1.38
2026-02-12,Galilee North,13.36,12.89,1.38
2026-02-13,Galilee North,14.5,13.03,1.32
2026-02-14,Galilee North,15.23,13.16,1.34
2026-02-15,Galilee North,15.64,13.32,1.34
2026-02-16,Galilee North,15.82,13.45,1.38
2026-02-17,Galilee North,15.22,13.56,1.38
2026-02-18,Galilee North,15.44,13.7,1.36
2026-02-19,Galilee North,15.35,13.79,1.38
2026-02-20,Galilee North,14.57,13.83,1.39
2026-02-21,Galilee North,14.65,13.91,1.36
2026-02-22,Galilee North,16.03,14.02,1.39
2026-02-23,Galilee North,15.41,13.96,1.28
2026-02-24,Galilee North,15.81,14.07,1.29
2026-02-25,Galilee North,15.38,14.19,1.25
2026-02-26,Galilee North,16.55,14.32,1.27
2026-02-27,Galilee North,16.86,14.44,1.34
2026-02-28,Galilee North,17.08,14.6,1.36
2026-03-01,Galilee North,16.58,14.69,1.4
2026-03-02,Galilee North,15.45,14.74,1.4
2026-03-03,Galilee North,18.21,14.94,1.45
2026-03-04,Galilee North,16.47,15.07,1.4
2026-03-05,Galilee North,18.1,15.19,1.5
2026-03-06,Galilee North,18.01,15.35,1.54
2026-03-07,Galilee North,19.71,15.57,1.67
2026-03-08,Galilee North,17.25,15.73,1.59
2026-03-09,Galilee North,24.18,16.08,2.18
2026-03-10,Galilee North,18.09,16.2,2.18
2026-03-11,Galilee North,18.44,16.37,2.16
2026-03-12,Galilee North,18.46,16.57,2.05
2026-03-13,Galilee North,18.66,16.68,2.07
2026-03-14,Galilee North,18.62,16.86,2.0
2026-03-15,Galilee North,18.83,17.0,1.98
2026-03-16,Galilee North,20.33,17.17,2.04
2026-03-17,Galilee North,18.72,17.28,2.04
2026-03-18,Galilee North,20.53,17.43,2.1
2026-03-19,Galilee North,19.17,17.56,2.08
2026-03-20,Galilee North,24.94,17.88,2.44
2026-03-21,Galilee North,20.2,18.04,2.43
2026-03-22,Galilee North,19.76,18.22,2.35
2026-03-23,Galilee North,20.02,18.39,2.28
2026-03-24,Galilee North,19.82,18.52,2.25
2026-03-25,Galilee North,19.66,18.66,2.18
2026-03-26,Galilee North,21.34,18.85,2.16
2026-03-27,Galilee North,20.73,19.03,2.08
2026-03-28,Galilee North,22.19,19.21,2.11
2026-03-29,Galilee North,23.16,19.42,2.18
2026-03-30,Galilee North,21.58,19.57,2.16
2026-03-31,Galilee North,20.59,19.71,2.1
2026-04-01,Galilee North,21.94,19.92,1.97
2026-04-02,Galilee North,23.59,20.1,2.05
2026-04-03,Galilee North,20.77,20.25,1.94
2026-04-04,Galilee North,21.61,20.36,1.91
2026-04-05,Galilee North,21.69,20.49,1.87
2026-04-06,Galilee North,22.24,20.57,1.89
2026-04-07,Galilee North,22.34,20.74,1.81
2026-04-08,Galilee North,22.83,20.7,1.74
2026-04-09,Galilee North,23.64,20.88,1.75
2026-04-10,Galilee North,22.61,21.02,1.71
2026-04-11,Galilee North,27.6,21.32,2.02
2026-04-12,Galilee North,23.21,21.48,1.99
2026-04-13,Galilee North,23.53,21.64,1.95
2026-04-14,Galilee North,24.17,21.82,1.92
2026-04-15,Galilee North,25.01,21.97,1.99
2026-04-16,Galilee North,26.01,22.22,2.02
2026-04-17,Galilee North,25.45,22.38,2.08
2026-04-18,Galilee North,25.3,22.58,2.05
2026-04-19,Galilee North,23.93,22.55,2.02
2026-04-20,Galilee North,24.59,22.7,2.01
2026-04-21,Galilee North,23.82,22.83,1.94
2026-04-22,Galilee North,25.49,23.01,1.92
2026-04-23,Galilee North,25.5,23.2,1.87
2026-04-24,Galilee North,25.78,23.41,1.81
2026-04-25,Galilee North,26.1,23.57,1.83
2026-04-26,Galilee North,26.5,23.76,1.82
2026-04-27,Galilee North,26.7,23.91,1.87
2026-04-28,Galilee North,25.86,24.0,1.9
2026-04-29,Galilee North,29.65,24.27,2.11
2026-04-30,Galilee North,26.52,24.47,2.03
2026-05-01,Galilee North,26.16,24.61,1.99
2026-05-02,Galilee North,27.39,24.73,2.04
2026-05-03,Galilee North,27.44,24.96,1.96
2026-05-04,Galilee North,26.76,25.13,1.88
2026-05-05,Galilee North,27.53,25.32,1.81
2026-05-06,Galilee North,26.8,25.47,1.74
2026-05-07,Galilee North,28.26,25.67,1.7
2026-05-08,Galilee North,26.17,25.78,1.62
2026-05-09,Galilee North,27.56,25.91,1.6
2026-05-10,Galilee North,27.22,26.07,1.49
2026-05-11,Galilee North,27.88,26.08,1.5
2026-05-12,Galilee North,28.29,26.25,1.45
2026-05-13,Galilee North,29.05,26.43,1.44
2026-05-14,Galilee North,28.14,26.56,1.41
2026-05-15,Galilee North,27.76,26.65,1.39
2026-05-16,Galilee North,27.68,26.71,1.4
2025-11-18,Galilee South,11.77,,
2025-11-19,Galilee South,12.94,,
2025-11-20,Galilee South,11.91,,
2025-11-21,Galilee South,12.2,,
2025-11-22,Galilee South,12.34,,
2025-11-23,Galilee South,13.3,,
2025-11-24,Galilee South,11.74,,
2025-11-25,Galilee South,11.79,,
2025-11-26,Galilee South,12.41,,
2025-11-27,Galilee South,12.35,,
2025-11-28,Galilee South,11.74,,
2025-11-29,Galilee South,11.47,,
2025-11-30,Galilee South,14.52,,
2025-12-01,Galilee South,11.66,,
2025-12-02,Galilee South,11.38,12.23,0.83
2025-12-03,Galilee South,11.63,12.2,0.81
2025-12-04,Galilee South,11.75,12.17,0.79
2025-12-05,Galilee South,13.26,12.23,0.81
2025-12-06,Galilee South,11.97,12.22,0.79
2025-12-07,Galilee South,11.65,12.19,0.78
2025-12-08,Galilee South,10.2,12.09,0.88
2025-12-09,Galilee South,11.36,12.06,0.87
2025-12-10,Galilee South,11.93,12.06,0.85
2025-12-11,Galilee South,11.82,12.05,0.83
2025-12-12,Galilee South,11.19,12.01,0.83
2025-12-13,Galilee South,12.39,12.03,0.82
2025-12-14,Galilee South,12.14,12.03,0.8
2025-12-15,Galilee South,10.51,11.98,0.84
2025-12-16,Galilee South,11.23,11.95,0.84
2025-12-17,Galilee South,11.58,11.94,0.82
2025-12-18,Galilee South,10.51,11.9,0.86
2025-12-19,Galilee South,10.69,11.82,0.87
2025-12-20,Galilee South,11.49,11.81,0.87
2025-12-21,Galilee South,15.83,11.93,1.14
2025-12-22,Galilee South,11.82,11.91,1.14
2025-12-23,Galilee South,14.89,11.96,1.23
2025-12-24,Galilee South,12.25,11.98,1.24
2025-12-25,Galilee South,11.63,11.97,1.24
2025-12-26,Galilee South,11.49,11.94,1.24
2025-12-27,Galilee South,11.64,11.92,1.24
2025-12-28,Galilee South,12.14,11.93,1.24
2025-12-29,Galilee South,11.87,11.95,1.23
2025-12-30,Galilee South,14.77,11.96,1.25
2025-12-31,Galilee South,11.75,11.96,1.25
2026-01-01,Galilee South,11.26,11.95,1.25
2026-01-02,Galilee South,12.24,11.97,1.25
2026-01-03,Galilee South,11.15,11.96,1.26
2026-01-04,Galilee South,11.26,11.89,1.24
2026-01-05,Galilee South,11.17,11.86,1.25
2026-01-06,Galilee South,11.44,11.85,1.25
2026-01-07,Galilee South,12.77,11.94,1.22
2026-01-08,Galilee South,11.44,11.94,1.22
2026-01-09,Galilee South,11.11,11.92,1.23
2026-01-10,Galilee South,13.76,11.98,1.27
2026-01-11,Galilee South,12.78,12.03,1.27
2026-01-12,Galilee South,11.44,12.0,1.28
2026-01-13,Galilee South,12.01,12.0,1.28
2026-01-14,Galilee South,12.53,12.06,1.25
2026-01-15,Galilee South,11.97,12.09,1.24
2026-01-16,Galilee South,13.39,12.15,1.26
2026-01-17,Galilee South,12.94,12.23,1.22
2026-01-18,Galilee South,17.51,12.46,1.52
2026-01-19,Galilee South,13.48,12.52,1.52
2026-01-20,Galilee South,13.63,12.45,1.41
2026-01-21,Galilee South,12.02,12.46,1.41
2026-01-22,Galilee South,17.97,12.56,1.68
2026-01-23,Galilee South,13.71,12.61,1.69
2026-01-24,Galilee South,13.76,12.68,1.69
2026-01-25,Galilee South,14.68,12.79,1.71
2026-01-26,Galilee South,13.63,12.85,1.71
2026-01-27,Galilee South,14.3,12.92,1.72
2026-01-28,Galilee South,13.16,12.97,1.71
2026-01-29,Galilee South,14.03,12.94,1.69
2026-01-30,Galilee South,13.74,13.01,1.68
2026-01-31,Galilee South,13.46,13.08,1.65
2026-02-01,Galilee South,14.94,13.17,1.67
2026-02-02,Galilee South,13.82,13.26,1.63
2026-02-03,Galilee South,13.7,13.34,1.59
2026-02-04,Galilee South,14.2,13.44,1.54
2026-02-05,Galilee South,14.84,13.56,1.51
2026-02-06,Galilee South,14.63,13.62,1.52
2026-02-07,Galilee South,14.06,13.71,1.46
2026-02-08,Galilee South,15.06,13.84,1.4
2026-02-09,Galilee South,16.24,13.92,1.46
2026-02-10,Galilee South,15.99,14.03,1.5
2026-02-11,Galilee South,15.42,14.16,1.43
2026-02-12,Galilee South,16.05,14.3,1.41
2026-02-13,Galilee South,15.86,14.41,1.4
2026-02-14,Galilee South,15.47,14.52,1.34
2026-02-15,Galilee South,14.88,14.57,1.32
2026-02-16,Galilee South,16.06,14.68,1.31
2026-02-17,Galilee South,16.05,14.63,1.22
2026-02-18,Galilee South,16.19,14.72,1.24
2026-02-19,Galilee South,17.22,14.84,1.3
2026-02-20,Galilee South,17.18,15.01,1.25
2026-02-21,Galilee South,17.29,14.99,1.2
2026-02-22,Galilee South,17.0,15.1,1.23
2026-02-23,Galilee South,17.59,15.22,1.29
2026-02-24,Galilee South,16.39,15.28,1.3
2026-02-25,Galilee South,18.2,15.43,1.37
2026-02-26,Galilee South,18.21,15.56,1.44
2026-02-27,Galilee South,17.74,15.72,1.42
2026-02-28,Galilee South,18.05,15.85,1.44
2026-03-01,Galilee South,18.36,16.0,1.46
2026-03-02,Galilee South,18.25,16.16,1.43
2026-03-03,Galilee South,18.02,16.27,1.45
2026-03-04,Galilee South,18.93,16.44,1.45
2026-03-05,Galilee South,19.01,16.61,1.43
2026-03-06,Galilee South,19.16,16.78,1.43
2026-03-07,Galilee South,20.58,16.97,1.54
2026-03-08,Galilee South,18.58,17.1,1.5
2026-03-09,Galilee South,19.41,17.28,1.44
2026-03-10,Galilee South,18.84,17.41,1.41
2026-03-11,Galilee South,24.84,17.69,1.94
2026-03-12,Galilee South,19.48,17.81,1.94
2026-03-13,Galilee South,20.5,17.98,1.94
2026-03-14,Galilee South,20.22,18.12,1.95
2026-03-15,Galilee South,19.8,18.25,1.92
2026-03-16,Galilee South,21.13,18.44,1.92
2026-03-17,Galilee South,21.07,18.64,1.85
2026-03-18,Galilee South,21.4,18.82,1.85
2026-03-19,Galilee South,21.85,19.02,1.86
2026-03-20,Galilee South,20.78,19.17,1.81
2026-03-21,Galilee South,20.98,19.29,1.8
2026-03-22,Galilee South,21.32,19.43,1.79
2026-03-23,Galilee South,20.95,19.55,1.76
2026-03-24,Galilee South,21.54,19.71,1.73
2026-03-25,Galilee South,22.76,19.88,1.77
2026-03-26,Galilee South,21.78,20.06,1.67
2026-03-27,Galilee South,21.76,20.18,1.66
2026-03-28,Galilee South,23.04,20.34,1.7
2026-03-29,Galilee South,22.5,20.5,1.67
2026-03-30,Galilee South,23.22,20.67,1.67
2026-03-31,Galilee South,23.28,20.83,1.68
2026-04-01,Galilee South,23.46,21.01,1.67
2026-04-02,Galilee South,23.3,21.18,1.63
2026-04-03,Galilee South,23.1,21.32,1.61
2026-04-04,Galilee South,23.54,21.47,1.59
2026-04-05,Galilee South,24.51,21.65,1.62
2026-04-06,Galilee South,24.72,21.79,1.7
2026-04-07,Galilee South,23.6,21.96,1.62
2026-04-08,Galilee South,24.71,22.13,1.63
2026-04-09,Galilee South,25.4,22.35,1.61
2026-04-10,Galilee South,25.75,22.38,1.66
2026-04-11,Galilee South,25.04,22.57,1.64
2026-04-12,Galilee South,25.86,22.75,1.7
2026-04-13,Galilee South,24.41,22.89,1.65
2026-04-14,Galilee South,23.86,23.02,1.56
2026-04-15,Galilee South,25.34,23.16,1.57
2026-04-16,Galilee South,25.3,23.3,1.57
2026-04-17,Galilee South,25.45,23.44,1.57
2026-04-18,Galilee South,25.82,23.57,1.6
2026-04-19,Galilee South,26.85,23.77,1.62
2026-04-20,Galilee South,27.46,23.99,1.66
2026-04-21,Galilee South,25.92,24.14,1.62
2026-04-22,Galilee South,26.49,24.33,1.56
2026-04-23,Galilee South,26.42,24.49,1.51
2026-04-24,Galilee South,26.51,24.61,1.52
2026-04-25,Galilee South,25.95,24.75,1.44
2026-04-26,Galilee South,26.85,24.92,1.37
2026-04-27,Galilee South,28.76,25.11,1.5
2026-04-28,Galilee South,28.0,25.3,1.5
2026-04-29,Galilee South,28.45,25.47,1.55
2026-04-30,Galilee South,27.65,25.62,1.55
2026-05-01,Galilee South,29.39,25.81,1.64
2026-05-02,Galilee South,27.24,25.94,1.59
2026-05-03,Galilee South,29.71,26.17,1.64
2026-05-04,Galilee South,28.28,26.32,1.6
2026-05-05,Galilee South,28.26,26.45,1.6
2026-05-06,Galilee South,29.73,26.62,1.68
2026-05-07,Galilee South,29.1,26.8,1.63
2026-05-08,Galilee South,28.87,26.94,1.63
2026-05-09,Galilee South,28.33,27.04,1.62
2026-05-10,Galilee South,29.9,27.17,1.68
2026-05-11,Galilee South,28.66,27.29,1.65
2026-05-12,Galilee South,29.82,27.43,1.69
2026-05-13,Galilee South,29.02,27.58,1.62
2026-05-14,Galilee South,30.05,27.79,1.52
2026-05-15,Galilee South,30.43,27.96,1.52
2026-05-16,Galilee South,33.78,28.24,1.78
2025-11-18,Mount Carmel,13.55,,
2025-11-19,Mount Carmel,11.56,,
2025-11-20,Mount Carmel,12.56,,
2025-11-21,Mount Carmel,10.93,,
2025-11-22,Mount Carmel,12.01,,
2025-11-23,Mount Carmel,11.11,,
2025-11-24,Mount Carmel,10.47,,
2025-11-25,Mount Carmel,11.7,,
2025-11-26,Mount Carmel,11.58,,
2025-11-27,Mount Carmel,12.44,,
2025-11-28,Mount Carmel,10.94,,
2025-11-29,Mount Carmel,9.76,,
2025-11-30,Mount Carmel,11.36,,
2025-12-01,Mount Carmel,11.16,,
2025-12-02,Mount Carmel,10.37,11.43,0.95
2025-12-03,Mount Carmel,10.88,11.4,0.93
2025-12-04,Mount Carmel,10.64,11.35,0.92
2025-12-05,Mount Carmel,12.09,11.4,0.91
2025-12-06,Mount Carmel,9.61,11.3,0.97
2025-12-07,Mount Carmel,11.22,11.3,0.95
2025-12-08,Mount Carmel,10.25,11.25,0.95
2025-12-09,Mount Carmel,10.17,11.2,0.96
2025-12-10,Mount Carmel,11.24,11.2,0.94
2025-12-11,Mount Carmel,9.63,11.13,0.97
2025-12-12,Mount Carmel,16.85,11.36,1.49
2025-12-13,Mount Carmel,10.74,11.34,1.46
2025-12-14,Mount Carmel,10.38,11.3,1.44
2025-12-15,Mount Carmel,13.06,11.37,1.46
2025-12-16,Mount Carmel,10.11,11.32,1.45
2025-12-17,Mount Carmel,10.62,11.3,1.43
2025-12-18,Mount Carmel,9.08,11.15,1.42
2025-12-19,Mount Carmel,11.19,11.14,1.42
2025-12-20,Mount Carmel,15.53,11.24,1.61
2025-12-21,Mount Carmel,11.48,11.26,1.61
2025-12-22,Mount Carmel,9.94,11.19,1.62
2025-12-23,Mount Carmel,10.4,11.16,1.63
2025-12-24,Mount Carmel,10.02,11.15,1.64
2025-12-25,Mount Carmel,9.8,11.08,1.65
2025-12-26,Mount Carmel,12.02,11.1,1.66
2025-12-27,Mount Carmel,10.27,11.03,1.64
2025-12-28,Mount Carmel,11.61,11.05,1.65
2025-12-29,Mount Carmel,11.07,11.09,1.63
2025-12-30,Mount Carmel,13.8,11.17,1.7
2025-12-31,Mount Carmel,10.13,11.14,1.71
2026-01-01,Mount Carmel,10.01,11.13,1.72
2026-01-02,Mount Carmel,11.75,11.16,1.72
2026-01-03,Mount Carmel,11.6,11.19,1.72
2026-01-04,Mount Carmel,11.01,11.15,1.71
2026-01-05,Mount Carmel,10.92,11.2,1.69
2026-01-06,Mount Carmel,11.16,11.19,1.69
2026-01-07,Mount Carmel,10.94,11.22,1.68
2026-01-08,Mount Carmel,10.87,11.24,1.67
2026-01-09,Mount Carmel,11.57,11.25,1.67
2026-01-10,Mount Carmel,9.91,11.26,1.66
2026-01-11,Mount Carmel,11.27,11.08,1.29
2026-01-12,Mount Carmel,11.76,11.11,1.29
2026-01-13,Mount Carmel,12.21,11.17,1.3
2026-01-14,Mount Carmel,11.92,11.13,1.26
2026-01-15,Mount Carmel,11.25,11.17,1.24
2026-01-16,Mount Carmel,10.94,11.18,1.24
2026-01-17,Mount Carmel,11.57,11.26,1.17
2026-01-18,Mount Carmel,11.28,11.27,1.17
2026-01-19,Mount Carmel,10.37,11.09,0.86
2026-01-20,Mount Carmel,15.74,11.24,1.21
2026-01-21,Mount Carmel,11.76,11.3,1.19
2026-01-22,Mount Carmel,11.29,11.33,1.18
2026-01-23,Mount Carmel,12.69,11.42,1.18
2026-01-24,Mount Carmel,11.99,11.49,1.14
2026-01-25,Mount Carmel,12.36,11.5,1.15
2026-01-26,Mount Carmel,13.45,11.61,1.18
2026-01-27,Mount Carmel,13.41,11.67,1.22
2026-01-28,Mount Carmel,12.2,11.7,1.22
2026-01-29,Mount Carmel,12.96,11.68,1.18
2026-01-30,Mount Carmel,11.74,11.73,1.14
2026-01-31,Mount Carmel,12.61,11.82,1.1
2026-02-01,Mount Carmel,12.65,11.85,1.11
2026-02-02,Mount Carmel,13.79,11.92,1.17
2026-02-03,Mount Carmel,12.68,11.98,1.16
2026-02-04,Mount Carmel,12.94,12.04,1.16
2026-02-05,Mount Carmel,13.99,12.14,1.2
2026-02-06,Mount Carmel,13.58,12.22,1.2
2026-02-07,Mount Carmel,12.8,12.29,1.18
2026-02-08,Mount Carmel,14.8,12.4,1.26
2026-02-09,Mount Carmel,12.94,12.5,1.17
2026-02-10,Mount Carmel,13.96,12.59,1.18
2026-02-11,Mount Carmel,13.75,12.65,1.18
2026-02-12,Mount Carmel,13.94,12.71,1.2
2026-02-13,Mount Carmel,14.84,12.81,1.25
2026-02-14,Mount Carmel,14.13,12.9,1.24
2026-02-15,Mount Carmel,13.79,13.0,1.19
2026-02-16,Mount Carmel,13.5,13.06,1.16
2026-02-17,Mount Carmel,14.21,13.16,1.13
2026-02-18,Mount Carmel,14.75,13.31,1.04
2026-02-19,Mount Carmel,15.27,13.29,1.0
2026-02-20,Mount Carmel,15.6,13.42,1.05
2026-02-21,Mount Carmel,14.57,13.53,0.98
2026-02-22,Mount Carmel,15.29,13.62,1.02
2026-02-23,Mount Carmel,15.07,13.72,1.01
2026-02-24,Mount Carmel,15.53,13.82,1.03
2026-02-25,Mount Carmel,14.09,13.85,1.02
2026-02-26,Mount Carmel,17.0,13.97,1.17
2026-02-27,Mount Carmel,16.02,14.09,1.18
2026-02-28,Mount Carmel,15.92,14.19,1.21
2026-03-01,Mount Carmel,16.3,14.34,1.17
2026-03-02,Mount Carmel,17.1,14.49,1.23
2026-03-03,Mount Carmel,17.47,14.65,1.29
2026-03-04,Mount Carmel,16.82,14.76,1.34
2026-03-05,Mount Carmel,17.26,14.91,1.36
2026-03-06,Mount Carmel,15.73,15.0,1.31
2026-03-07,Mount Carmel,17.4,15.11,1.37
2026-03-08,Mount Carmel,17.98,15.26,1.43
2026-03-09,Mount Carmel,18.82,15.46,1.5
2026-03-10,Mount Carmel,18.53,15.59,1.59
2026-03-11,Mount Carmel,18.61,15.78,1.6
2026-03-12,Mount Carmel,17.53,15.89,1.6
2026-03-13,Mount Carmel,17.25,16.01,1.56
2026-03-14,Mount Carmel,18.37,16.16,1.57
2026-03-15,Mount Carmel,18.02,16.26,1.58
2026-03-16,Mount Carmel,18.32,16.4,1.57
2026-03-17,Mount Carmel,18.89,16.57,1.56
2026-03-18,Mount Carmel,18.71,16.75,1.49
2026-03-19,Mount Carmel,19.98,16.94,1.52
2026-03-20,Mount Carmel,19.37,17.09,1.53
2026-03-21,Mount Carmel,20.16,17.26,1.59
2026-03-22,Mount Carmel,19.74,17.39,1.62
2026-03-23,Mount Carmel,18.36,17.52,1.54
2026-03-24,Mount Carmel,19.14,17.65,1.5
2026-03-25,Mount Carmel,25.02,17.98,1.95
2026-03-26,Mount Carmel,19.18,18.1,1.9
2026-03-27,Mount Carmel,21.77,18.36,1.86
2026-03-28,Mount Carmel,20.63,18.48,1.89
2026-03-29,Mount Carmel,19.24,18.59,1.83
2026-03-30,Mount Carmel,19.55,18.71,1.77
2026-03-31,Mount Carmel,22.69,18.92,1.85
2026-04-01,Mount Carmel,21.97,19.08,1.9
2026-04-02,Mount Carmel,21.84,19.23,1.94
2026-04-03,Mount Carmel,22.92,19.43,2.0
2026-04-04,Mount Carmel,21.89,19.59,2.0
2026-04-05,Mount Carmel,21.45,19.78,1.89
2026-04-06,Mount Carmel,22.73,19.96,1.91
2026-04-07,Mount Carmel,22.52,20.11,1.93
2026-04-08,Mount Carmel,21.58,20.2,1.93
2026-04-09,Mount Carmel,22.4,20.33,1.94
2026-04-10,Mount Carmel,22.0,20.44,1.94
2026-04-11,Mount Carmel,22.11,20.59,1.88
2026-04-12,Mount Carmel,22.41,20.77,1.8
2026-04-13,Mount Carmel,22.75,20.91,1.78
2026-04-14,Mount Carmel,22.8,21.07,1.72
2026-04-15,Mount Carmel,24.33,21.27,1.74
2026-04-16,Mount Carmel,24.52,21.46,1.78
2026-04-17,Mount Carmel,24.15,21.64,1.76
2026-04-18,Mount Carmel,23.84,21.77,1.78
2026-04-19,Mount Carmel,23.52,21.91,1.75
2026-04-20,Mount Carmel,24.64,22.06,1.78
2026-04-21,Mount Carmel,24.76,22.22,1.79
2026-04-22,Mount Carmel,24.87,22.44,1.7
2026-04-23,Mount Carmel,25.08,22.64,1.65
2026-04-24,Mount Carmel,24.72,22.63,1.64
2026-04-25,Mount Carmel,28.71,22.95,1.85
2026-04-26,Mount Carmel,23.95,23.02,1.85
2026-04-27,Mount Carmel,25.01,23.16,1.83
2026-04-28,Mount Carmel,24.12,23.33,1.68
2026-04-29,Mount Carmel,25.66,23.53,1.57
2026-04-30,Mount Carmel,25.92,23.64,1.62
2026-05-01,Mount Carmel,24.91,23.74,1.6
2026-05-02,Mount Carmel,26.04,23.88,1.62
2026-05-03,Mount Carmel,25.46,23.96,1.63
2026-05-04,Mount Carmel,25.71,24.09,1.61
2026-05-05,Mount Carmel,24.8,24.2,1.54
2026-05-06,Mount Carmel,31.74,24.5,2.04
2026-05-07,Mount Carmel,24.96,24.58,2.01
2026-05-08,Mount Carmel,27.6,24.78,2.0
2026-05-09,Mount Carmel,26.79,24.93,1.98
2026-05-10,Mount Carmel,28.15,25.13,1.98
2026-05-11,Mount Carmel,26.82,25.29,1.92
2026-05-12,Mount Carmel,27.38,25.46,1.87
2026-05-13,Mount Carmel,27.62,25.62,1.84
2026-05-14,Mount Carmel,26.87,25.76,1.78
2026-05-15,Mount Carmel,27.88,25.87,1.8
2026-05-16,Mount Carmel,27.16,25.96,1.79
2025-11-18,Jezreel Valley,14.12,,
2025-11-19,Jezreel Valley,15.04,,
2025-11-20,Jezreel Valley,14.04,,
2025-11-21,Jezreel Valley,12.19,,
2025-11-22,Jezreel Valley,12.65,,
2025-11-23,Jezreel Valley,13.71,,
2025-11-24,Jezreel Valley,13.61,,
2025-11-25,Jezreel Valley,12.53,,
2025-11-26,Jezreel Valley,12.14,,
2025-11-27,Jezreel Valley,12.13,,
2025-11-28,Jezreel Valley,13.08,,
2025-11-29,Jezreel Valley,13.43,,
2025-11-30,Jezreel Valley,11.62,,
2025-12-01,Jezreel Valley,12.42,,
2025-12-02,Jezreel Valley,11.2,12.93,1.05
2025-12-03,Jezreel Valley,12.51,12.9,1.02
2025-12-04,Jezreel Valley,11.67,12.83,1.03
2025-12-05,Jezreel Valley,11.76,12.77,1.03
2025-12-06,Jezreel Valley,13.64,12.82,1.02
2025-12-07,Jezreel Valley,11.5,12.75,1.04
2025-12-08,Jezreel Valley,11.29,12.68,1.06
2025-12-09,Jezreel Valley,11.3,12.62,1.08
2025-12-10,Jezreel Valley,12.25,12.6,1.05
2025-12-11,Jezreel Valley,10.87,12.53,1.09
2025-12-12,Jezreel Valley,11.8,12.5,1.08
2025-12-13,Jezreel Valley,11.12,12.45,1.09
2025-12-14,Jezreel Valley,11.26,12.4,1.09
2025-12-15,Jezreel Valley,11.81,12.38,1.08
2025-12-16,Jezreel Valley,18.1,12.58,1.5
2025-12-17,Jezreel Valley,10.93,12.52,1.5
2025-12-18,Jezreel Valley,11.85,12.45,1.48
2025-12-19,Jezreel Valley,12.16,12.35,1.39
2025-12-20,Jezreel Valley,10.49,12.23,1.4
2025-12-21,Jezreel Valley,11.55,12.21,1.4
2025-12-22,Jezreel Valley,16.15,12.33,1.58
2025-12-23,Jezreel Valley,11.56,12.26,1.56
2025-12-24,Jezreel Valley,11.32,12.18,1.55
2025-12-25,Jezreel Valley,11.57,12.15,1.55
2025-12-26,Jezreel Valley,13.11,12.18,1.56
2025-12-27,Jezreel Valley,18.08,12.38,1.89
2025-12-28,Jezreel Valley,12.53,12.36,1.89
2025-12-29,Jezreel Valley,13.04,12.35,1.88
2025-12-30,Jezreel Valley,12.73,12.39,1.88
2025-12-31,Jezreel Valley,11.46,12.35,1.89
2026-01-01,Jezreel Valley,13.48,12.43,1.89
2026-01-02,Jezreel Valley,12.09,12.42,1.89
2026-01-03,Jezreel Valley,13.12,12.46,1.89
2026-01-04,Jezreel Valley,12.98,12.5,1.88
2026-01-05,Jezreel Valley,11.87,12.45,1.87
2026-01-06,Jezreel Valley,12.02,12.46,1.87
2026-01-07,Jezreel Valley,13.63,12.54,1.87
2026-01-08,Jezreel Valley,11.58,12.55,1.86
2026-01-09,Jezreel Valley,13.09,12.58,1.86
2026-01-10,Jezreel Valley,12.84,12.64,1.83
2026-01-11,Jezreel Valley,12.35,12.66,1.83
2026-01-12,Jezreel Valley,12.28,12.7,1.81
2026-01-13,Jezreel Valley,11.79,12.72,1.79
2026-01-14,Jezreel Valley,13.64,12.78,1.79
2026-01-15,Jezreel Valley,12.17,12.58,1.49
2026-01-16,Jezreel Valley,13.04,12.65,1.46
2026-01-17,Jezreel Valley,14.02,12.72,1.47
2026-01-18,Jezreel Valley,11.96,12.72,1.47
2026-01-19,Jezreel Valley,14.44,12.85,1.44
2026-01-20,Jezreel Valley,13.27,12.91,1.42
2026-01-21,Jezreel Valley,14.33,12.85,1.31
2026-01-22,Jezreel Valley,13.52,12.91,1.3
2026-01-23,Jezreel Valley,13.27,12.98,1.26
2026-01-24,Jezreel Valley,13.97,13.06,1.25
2026-01-25,Jezreel Valley,14.01,13.09,1.26
2026-01-26,Jezreel Valley,13.74,12.94,0.85
2026-01-27,Jezreel Valley,12.97,12.96,0.84
2026-01-28,Jezreel Valley,13.73,12.98,0.85
2026-01-29,Jezreel Valley,14.96,13.05,0.92
2026-01-30,Jezreel Valley,15.28,13.18,0.96
2026-01-31,Jezreel Valley,14.89,13.23,1.01
2026-02-01,Jezreel Valley,14.87,13.32,1.03
2026-02-02,Jezreel Valley,14.68,13.37,1.06
2026-02-03,Jezreel Valley,13.98,13.41,1.06
2026-02-04,Jezreel Valley,13.41,13.46,1.02
2026-02-05,Jezreel Valley,14.29,13.53,0.99
2026-02-06,Jezreel Valley,16.59,13.63,1.14
2026-02-07,Jezreel Valley,15.57,13.77,1.12
2026-02-08,Jezreel Valley,16.43,13.88,1.22
2026-02-09,Jezreel Valley,16.71,14.01,1.3
2026-02-10,Jezreel Valley,16.27,14.14,1.33
2026-02-11,Jezreel Valley,16.55,14.28,1.35
2026-02-12,Jezreel Valley,15.92,14.42,1.3
2026-02-13,Jezreel Valley,16.11,14.5,1.33
2026-02-14,Jezreel Valley,17.45,14.67,1.36
2026-02-15,Jezreel Valley,16.54,14.79,1.36
2026-02-16,Jezreel Valley,17.49,14.91,1.44
2026-02-17,Jezreel Valley,18.15,15.11,1.45
2026-02-18,Jezreel Valley,17.68,15.22,1.51
2026-02-19,Jezreel Valley,18.23,15.39,1.56
2026-02-20,Jezreel Valley,18.69,15.53,1.66
2026-02-21,Jezreel Valley,18.73,15.71,1.71
2026-02-22,Jezreel Valley,17.75,15.85,1.69
2026-02-23,Jezreel Valley,17.39,15.97,1.67
2026-02-24,Jezreel Valley,18.92,16.13,1.72
2026-02-25,Jezreel Valley,17.41,16.25,1.67
2026-02-26,Jezreel Valley,18.97,16.45,1.62
2026-02-27,Jezreel Valley,20.36,16.68,1.69
2026-02-28,Jezreel Valley,19.21,16.82,1.72
2026-03-01,Jezreel Valley,20.06,16.98,1.79
2026-03-02,Jezreel Valley,19.83,17.14,1.82
2026-03-03,Jezreel Valley,18.77,17.27,1.79
2026-03-04,Jezreel Valley,20.0,17.45,1.79
2026-03-05,Jezreel Valley,19.75,17.64,1.71
2026-03-06,Jezreel Valley,19.07,17.83,1.53
2026-03-07,Jezreel Valley,20.2,18.03,1.43
2026-03-08,Jezreel Valley,19.09,18.11,1.42
2026-03-09,Jezreel Valley,19.88,18.25,1.37
2026-03-10,Jezreel Valley,20.74,18.4,1.4
2026-03-11,Jezreel Valley,22.53,18.59,1.55
2026-03-12,Jezreel Valley,25.35,18.89,1.93
2026-03-13,Jezreel Valley,20.71,19.03,1.9
2026-03-14,Jezreel Valley,20.88,19.2,1.83
2026-03-15,Jezreel Valley,22.37,19.41,1.83
2026-03-16,Jezreel Valley,22.71,19.58,1.88
2026-03-17,Jezreel Valley,21.26,19.74,1.82
2026-03-18,Jezreel Valley,21.46,19.87,1.79
2026-03-19,Jezreel Valley,22.28,20.01,1.81
2026-03-20,Jezreel Valley,25.31,20.26,2.0
2026-03-21,Jezreel Valley,23.02,20.42,2.02
2026-03-22,Jezreel Valley,24.47,20.62,2.13
2026-03-23,Jezreel Valley,23.25,20.77,2.15
2026-03-24,Jezreel Valley,24.03,20.98,2.15
2026-03-25,Jezreel Valley,23.29,21.17,2.08
2026-03-26,Jezreel Valley,23.85,21.34,2.09
2026-03-27,Jezreel Valley,24.04,21.56,2.01
2026-03-28,Jezreel Valley,23.8,21.72,1.99
2026-03-29,Jezreel Valley,24.69,21.86,2.04
2026-03-30,Jezreel Valley,24.73,22.05,2.04
2026-03-31,Jezreel Valley,24.93,22.21,2.07
2026-04-01,Jezreel Valley,24.11,22.35,2.05
2026-04-02,Jezreel Valley,26.71,22.62,2.09
2026-04-03,Jezreel Valley,25.77,22.81,2.1
2026-04-04,Jezreel Valley,25.93,23.02,2.09
2026-04-05,Jezreel Valley,26.76,23.27,2.07
2026-04-06,Jezreel Valley,25.55,23.45,2.02
2026-04-07,Jezreel Valley,25.91,23.68,1.89
2026-04-08,Jezreel Valley,26.65,23.9,1.83
2026-04-09,Jezreel Valley,27.99,24.14,1.87
2026-04-10,Jezreel Valley,27.41,24.31,1.94
2026-04-11,Jezreel Valley,24.91,24.29,1.93
2026-04-12,Jezreel Valley,27.4,24.52,1.89
2026-04-13,Jezreel Valley,26.28,24.7,1.79
2026-04-14,Jezreel Valley,27.92,24.88,1.83
2026-04-15,Jezreel Valley,27.35,25.04,1.83
2026-04-16,Jezreel Valley,26.96,25.23,1.72
2026-04-17,Jezreel Valley,28.35,25.45,1.66
2026-04-18,Jezreel Valley,28.08,25.65,1.61
2026-04-19,Jezreel Valley,29.21,25.78,1.74
2026-04-20,Jezreel Valley,28.13,25.95,1.71
2026-04-21,Jezreel Valley,28.36,26.08,1.74
2026-04-22,Jezreel Valley,28.92,26.27,1.73
2026-04-23,Jezreel Valley,28.41,26.41,1.72
2026-04-24,Jezreel Valley,28.92,26.6,1.67
2026-04-25,Jezreel Valley,28.46,26.75,1.62
2026-04-26,Jezreel Valley,31.12,26.99,1.72
2026-04-27,Jezreel Valley,30.16,27.2,1.71
2026-04-28,Jezreel Valley,29.03,27.35,1.67
2026-04-29,Jezreel Valley,29.78,27.52,1.65
2026-04-30,Jezreel Valley,30.22,27.69,1.65
2026-05-01,Jezreel Valley,29.96,27.89,1.56
2026-05-02,Jezreel Valley,33.45,28.11,1.84
2026-05-03,Jezreel Valley,29.43,28.23,1.8
2026-05-04,Jezreel Valley,30.87,28.4,1.81
2026-05-05,Jezreel Valley,31.3,28.55,1.86
2026-05-06,Jezreel Valley,30.4,28.71,1.8
2026-05-07,Jezreel Valley,30.27,28.86,1.74
2026-05-08,Jezreel Valley,30.75,28.99,1.72
2026-05-09,Jezreel Valley,31.07,29.1,1.75
2026-05-10,Jezreel Valley,31.63,29.24,1.78
2026-05-11,Jezreel Valley,31.89,29.47,1.64
2026-05-12,Jezreel Valley,30.59,29.58,1.61
2026-05-13,Jezreel Valley,32.37,29.78,1.56
2026-05-14,Jezreel Valley,32.33,29.93,1.59
2026-05-15,Jezreel Valley,32.07,30.08,1.56
2026-05-16,Jezreel Valley,31.54,30.24,1.46
2025-11-18,Jordan Valley,17.69,,
2025-11-19,Jordan Valley,16.63,,
2025-11-20,Jordan Valley,17.75,,
2025-11-21,Jordan Valley,16.82,,
2025-11-22,Jordan Valley,17.62,,
2025-11-23,Jordan Valley,18.36,,
2025-11-24,Jordan Valley,18.03,,
2025-11-25,Jordan Valley,17.3,,
2025-11-26,Jordan Valley,16.93,,
2025-11-27,Jordan Valley,16.18,,
2025-11-28,Jordan Valley,15.4,,
2025-11-29,Jordan Valley,17.21,,
2025-11-30,Jordan Valley,17.58,,
2025-12-01,Jordan Valley,15.86,,
2025-12-02,Jordan Valley,17.25,17.11,0.82
2025-12-03,Jordan Valley,15.66,17.02,0.87
2025-12-04,Jordan Valley,16.31,16.98,0.86
2025-12-05,Jordan Valley,16.84,16.97,0.83
2025-12-06,Jordan Valley,15.68,16.9,0.86
2025-12-07,Jordan Valley,17.1,16.91,0.84
2025-12-08,Jordan Valley,17.09,16.92,0.82
2025-12-09,Jordan Valley,16.54,16.9,0.81
2025-12-10,Jordan Valley,15.63,16.85,0.83
2025-12-11,Jordan Valley,16.32,16.82,0.82
2025-12-12,Jordan Valley,15.82,16.78,0.83
2025-12-13,Jordan Valley,15.57,16.74,0.84
2025-12-14,Jordan Valley,16.3,16.72,0.83
2025-12-15,Jordan Valley,16.47,16.71,0.82
2025-12-16,Jordan Valley,15.07,16.66,0.86
2025-12-17,Jordan Valley,16.94,16.66,0.85
2025-12-18,Jordan Valley,20.82,16.77,1.12
2025-12-19,Jordan Valley,15.58,16.73,1.14
2025-12-20,Jordan Valley,16.94,16.71,1.13
2025-12-21,Jordan Valley,15.92,16.68,1.14
2025-12-22,Jordan Valley,16.23,16.63,1.13
2025-12-23,Jordan Valley,14.61,16.51,1.14
2025-12-24,Jordan Valley,16.29,16.45,1.1
2025-12-25,Jordan Valley,15.78,16.4,1.09
2025-12-26,Jordan Valley,15.43,16.35,1.1
2025-12-27,Jordan Valley,15.79,16.33,1.11
2025-12-28,Jordan Valley,20.38,16.5,1.32
2025-12-29,Jordan Valley,16.09,16.46,1.31
2025-12-30,Jordan Valley,16.89,16.44,1.3
2025-12-31,Jordan Valley,16.22,16.45,1.29
2026-01-01,Jordan Valley,16.97,16.44,1.29
2026-01-02,Jordan Valley,16.27,16.46,1.28
2026-01-03,Jordan Valley,15.62,16.44,1.29
2026-01-04,Jordan Valley,15.67,16.4,1.29
2026-01-05,Jordan Valley,15.23,16.39,1.31
2026-01-06,Jordan Valley,16.45,16.36,1.3
2026-01-07,Jordan Valley,16.16,16.33,1.29
2026-01-08,Jordan Valley,16.58,16.33,1.29
2026-01-09,Jordan Valley,16.65,16.37,1.29
2026-01-10,Jordan Valley,16.17,16.36,1.29
2026-01-11,Jordan Valley,16.93,16.4,1.29
2026-01-12,Jordan Valley,17.02,16.45,1.28
2026-01-13,Jordan Valley,17.34,16.48,1.29
2026-01-14,Jordan Valley,17.4,16.51,1.3
2026-01-15,Jordan Valley,17.11,16.58,1.28
2026-01-16,Jordan Valley,17.36,16.6,1.28
2026-01-17,Jordan Valley,18.9,16.53,1.1
2026-01-18,Jordan Valley,17.33,16.59,1.09
2026-01-19,Jordan Valley,17.64,16.61,1.11
2026-01-20,Jordan Valley,16.99,16.65,1.1
2026-01-21,Jordan Valley,18.18,16.71,1.13
2026-01-22,Jordan Valley,17.9,16.82,1.08
2026-01-23,Jordan Valley,18.45,16.9,1.12
2026-01-24,Jordan Valley,18.19,16.98,1.12
2026-01-25,Jordan Valley,21.66,17.18,1.37
2026-01-26,Jordan Valley,17.0,17.23,1.35
2026-01-27,Jordan Valley,19.66,17.2,1.3
2026-01-28,Jordan Valley,18.26,17.27,1.29
2026-01-29,Jordan Valley,19.23,17.35,1.34
2026-01-30,Jordan Valley,18.65,17.43,1.34
2026-01-31,Jordan Valley,19.28,17.51,1.38
2026-02-01,Jordan Valley,19.31,17.61,1.4
2026-02-02,Jordan Valley,23.94,17.89,1.76
2026-02-03,Jordan Valley,19.39,18.01,1.73
2026-02-04,Jordan Valley,17.95,18.1,1.65
2026-02-05,Jordan Valley,18.97,18.19,1.63
2026-02-06,Jordan Valley,21.05,18.35,1.66
2026-02-07,Jordan Valley,20.74,18.49,1.68
2026-02-08,Jordan Valley,18.67,18.56,1.65
2026-02-09,Jordan Valley,21.16,18.72,1.65
2026-02-10,Jordan Valley,20.22,18.83,1.64
2026-02-11,Jordan Valley,19.2,18.9,1.6
2026-02-12,Jordan Valley,20.61,19.01,1.6
2026-02-13,Jordan Valley,20.95,19.13,1.61
2026-02-14,Jordan Valley,20.98,19.26,1.6
2026-02-15,Jordan Valley,20.8,19.38,1.58
2026-02-16,Jordan Valley,22.46,19.49,1.67
2026-02-17,Jordan Valley,21.98,19.65,1.68
2026-02-18,Jordan Valley,22.18,19.8,1.7
2026-02-19,Jordan Valley,21.69,19.96,1.65
2026-02-20,Jordan Valley,23.2,20.12,1.71
2026-02-21,Jordan Valley,22.15,20.27,1.7
2026-02-22,Jordan Valley,22.56,20.4,1.71
2026-02-23,Jordan Valley,23.05,20.57,1.73
2026-02-24,Jordan Valley,22.09,20.58,1.74
2026-02-25,Jordan Valley,23.45,20.79,1.68
2026-02-26,Jordan Valley,22.96,20.9,1.71
2026-02-27,Jordan Valley,22.3,21.04,1.65
2026-02-28,Jordan Valley,24.4,21.21,1.72
2026-03-01,Jordan Valley,28.51,21.54,2.12
2026-03-02,Jordan Valley,24.37,21.71,2.13
2026-03-03,Jordan Valley,24.38,21.88,2.14
2026-03-04,Jordan Valley,25.74,21.94,2.22
2026-03-05,Jordan Valley,23.16,22.06,2.18
2026-03-06,Jordan Valley,23.42,22.25,2.04
2026-03-07,Jordan Valley,24.62,22.43,1.99
2026-03-08,Jordan Valley,25.87,22.6,2.07
2026-03-09,Jordan Valley,26.9,22.8,2.18
2026-03-10,Jordan Valley,25.64,23.03,2.1
2026-03-11,Jordan Valley,26.23,23.2,2.14
2026-03-12,Jordan Valley,27.02,23.43,2.18
2026-03-13,Jordan Valley,25.67,23.64,2.06
2026-03-14,Jordan Valley,26.98,23.86,2.07
2026-03-15,Jordan Valley,25.95,24.02,2.02
2026-03-16,Jordan Valley,26.37,24.2,1.98
2026-03-17,Jordan Valley,27.33,24.42,1.96
2026-03-18,Jordan Valley,27.2,24.58,1.98
2026-03-19,Jordan Valley,27.29,24.76,1.98
2026-03-20,Jordan Valley,27.76,24.94,1.99
2026-03-21,Jordan Valley,27.57,25.14,1.95
2026-03-22,Jordan Valley,27.33,25.28,1.95
2026-03-23,Jordan Valley,28.55,25.49,1.95
2026-03-24,Jordan Valley,29.31,25.71,1.99
2026-03-25,Jordan Valley,32.22,26.02,2.25
2026-03-26,Jordan Valley,29.54,26.27,2.21
2026-03-27,Jordan Valley,28.44,26.43,2.18
2026-03-28,Jordan Valley,29.91,26.67,2.17
2026-03-29,Jordan Valley,29.76,26.91,2.08
2026-03-30,Jordan Valley,29.19,27.07,2.06
2026-03-31,Jordan Valley,29.9,27.12,2.11
2026-04-01,Jordan Valley,29.46,27.29,2.09
2026-04-02,Jordan Valley,30.35,27.49,2.08
2026-04-03,Jordan Valley,30.4,27.64,2.12
2026-04-04,Jordan Valley,30.49,27.89,2.01
2026-04-05,Jordan Valley,31.35,28.15,1.92
2026-04-06,Jordan Valley,30.26,28.34,1.83
2026-04-07,Jordan Valley,31.26,28.52,1.85
2026-04-08,Jordan Valley,31.15,28.66,1.88
2026-04-09,Jordan Valley,31.89,28.87,1.88
2026-04-10,Jordan Valley,31.61,29.05,1.88
2026-04-11,Jordan Valley,30.47,29.17,1.86
2026-04-12,Jordan Valley,32.13,29.38,1.81
2026-04-13,Jordan Valley,32.72,29.57,1.85
2026-04-14,Jordan Valley,33.46,29.82,1.85
2026-04-15,Jordan Valley,32.24,30.02,1.78
2026-04-16,Jordan Valley,33.01,30.21,1.79
2026-04-17,Jordan Valley,33.92,30.43,1.82
2026-04-18,Jordan Valley,33.09,30.62,1.78
2026-04-19,Jordan Valley,34.41,30.85,1.83
2026-04-20,Jordan Valley,34.29,31.07,1.82
2026-04-21,Jordan Valley,37.81,31.42,2.07
2026-04-22,Jordan Valley,34.08,31.6,2.05
2026-04-23,Jordan Valley,34.92,31.79,2.09
2026-04-24,Jordan Valley,34.0,31.85,2.13
2026-04-25,Jordan Valley,36.25,32.07,2.23
2026-04-26,Jordan Valley,35.66,32.31,2.21
2026-04-27,Jordan Valley,36.23,32.53,2.27
2026-04-28,Jordan Valley,35.04,32.7,2.26
2026-04-29,Jordan Valley,36.11,32.93,2.24
2026-04-30,Jordan Valley,36.11,33.14,2.24
2026-05-01,Jordan Valley,35.58,33.34,2.17
2026-05-02,Jordan Valley,34.16,33.47,2.1
2026-05-03,Jordan Valley,37.89,33.72,2.16
2026-05-04,Jordan Valley,36.64,33.92,2.14
2026-05-05,Jordan Valley,35.09,34.05,2.09
2026-05-06,Jordan Valley,35.72,34.23,1.98
2026-05-07,Jordan Valley,37.03,34.42,1.97
2026-05-08,Jordan Valley,36.38,34.6,1.9
2026-05-09,Jordan Valley,36.38,34.75,1.85
2026-05-10,Jordan Valley,36.45,34.91,1.78
2026-05-11,Jordan Valley,37.85,35.16,1.65
2026-05-12,Jordan Valley,37.91,35.35,1.62
2026-05-13,Jordan Valley,37.94,35.52,1.61
2026-05-14,Jordan Valley,39.24,35.71,1.7
2026-05-15,Jordan Valley,38.44,35.92,1.64
2026-05-16,Jordan Valley,37.12,36.06,1.55
2025-11-18,Mount Tabor,12.32,,
2025-11-19,Mount Tabor,11.15,,
2025-11-20,Mount Tabor,11.48,,
2025-11-21,Mount Tabor,11.75,,
2025-11-22,Mount Tabor,11.84,,
2025-11-23,Mount Tabor,11.94,,
2025-11-24,Mount Tabor,11.47,,
2025-11-25,Mount Tabor,10.31,,
2025-11-26,Mount Tabor,9.94,,
2025-11-27,Mount Tabor,10.92,,
2025-11-28,Mount Tabor,10.93,,
2025-11-29,Mount Tabor,11.27,,
2025-11-30,Mount Tabor,11.23,,
2025-12-01,Mount Tabor,11.77,,
2025-12-02,Mount Tabor,15.31,11.58,1.2
2025-12-03,Mount Tabor,10.13,11.48,1.22
2025-12-04,Mount Tabor,11.12,11.46,1.18
2025-12-05,Mount Tabor,10.95,11.44,1.15
2025-12-06,Mount Tabor,10.74,11.4,1.13
2025-12-07,Mount Tabor,10.56,11.36,1.12
2025-12-08,Mount Tabor,10.39,11.31,1.11
2025-12-09,Mount Tabor,11.06,11.3,1.08
2025-12-10,Mount Tabor,11.08,11.29,1.06
2025-12-11,Mount Tabor,10.87,11.27,1.04
2025-12-12,Mount Tabor,10.19,11.23,1.04
2025-12-13,Mount Tabor,11.74,11.25,1.03
2025-12-14,Mount Tabor,10.33,11.21,1.02
2025-12-15,Mount Tabor,10.6,11.19,1.01
2025-12-16,Mount Tabor,10.97,11.18,0.99
2025-12-17,Mount Tabor,11.27,11.19,0.97
2025-12-18,Mount Tabor,11.71,11.17,0.96
2025-12-19,Mount Tabor,9.2,11.1,1.02
2025-12-20,Mount Tabor,10.44,11.07,1.03
2025-12-21,Mount Tabor,9.62,11.0,1.05
2025-12-22,Mount Tabor,11.23,10.98,1.04
2025-12-23,Mount Tabor,10.9,10.94,1.02
2025-12-24,Mount Tabor,12.01,10.96,1.04
2025-12-25,Mount Tabor,10.24,10.96,1.04
2025-12-26,Mount Tabor,10.54,10.98,1.02
2025-12-27,Mount Tabor,11.42,10.99,1.03
2025-12-28,Mount Tabor,10.18,10.97,1.04
2025-12-29,Mount Tabor,10.08,10.93,1.05
2025-12-30,Mount Tabor,9.41,10.87,1.08
2025-12-31,Mount Tabor,9.73,10.8,1.09
2026-01-01,Mount Tabor,10.87,10.65,0.68
2026-01-02,Mount Tabor,10.41,10.66,0.67
2026-01-03,Mount Tabor,10.8,10.65,0.67
2026-01-04,Mount Tabor,10.29,10.63,0.67
2026-01-05,Mount Tabor,10.63,10.63,0.67
2026-01-06,Mount Tabor,11.93,10.67,0.71
2026-01-07,Mount Tabor,15.49,10.84,1.13
2026-01-08,Mount Tabor,10.83,10.83,1.13
2026-01-09,Mount Tabor,10.96,10.83,1.13
2026-01-10,Mount Tabor,12.45,10.88,1.16
2026-01-11,Mount Tabor,10.92,10.91,1.16
2026-01-12,Mount Tabor,11.19,10.89,1.15
2026-01-13,Mount Tabor,12.64,10.97,1.19
2026-01-14,Mount Tabor,10.72,10.97,1.19
2026-01-15,Mount Tabor,11.94,11.0,1.2
2026-01-16,Mount Tabor,11.83,11.02,1.21
2026-01-17,Mount Tabor,11.51,11.01,1.2
2026-01-18,Mount Tabor,17.09,11.28,1.59
2026-01-19,Mount Tabor,11.64,11.32,1.59
2026-01-20,Mount Tabor,11.56,11.38,1.55
2026-01-21,Mount Tabor,10.74,11.37,1.56
2026-01-22,Mount Tabor,11.79,11.39,1.56
2026-01-23,Mount Tabor,12.8,11.42,1.57
2026-01-24,Mount Tabor,13.21,11.52,1.59
2026-01-25,Mount Tabor,11.8,11.56,1.58
2026-01-26,Mount Tabor,11.47,11.56,1.58
2026-01-27,Mount Tabor,11.99,11.62,1.56
2026-01-28,Mount Tabor,12.74,11.71,1.55
2026-01-29,Mount Tabor,13.55,11.85,1.52
2026-01-30,Mount Tabor,14.46,12.01,1.53
2026-01-31,Mount Tabor,13.5,12.1,1.54
2026-02-01,Mount Tabor,13.82,12.21,1.54
2026-02-02,Mount Tabor,13.02,12.28,1.52
2026-02-03,Mount Tabor,14.4,12.42,1.52
2026-02-04,Mount Tabor,11.79,12.46,1.49
2026-02-05,Mount Tabor,12.99,12.49,1.49
2026-02-06,Mount Tabor,14.4,12.46,1.43
2026-02-07,Mount Tabor,14.04,12.57,1.42
2026-02-08,Mount Tabor,13.94,12.66,1.41
2026-02-09,Mount Tabor,14.4,12.73,1.44
2026-02-10,Mount Tabor,14.21,12.84,1.42
2026-02-11,Mount Tabor,14.82,12.96,1.43
2026-02-12,Mount Tabor,14.81,13.03,1.47
2026-02-13,Mount Tabor,15.04,13.18,1.45
2026-02-14,Mount Tabor,16.47,13.33,1.55
2026-02-15,Mount Tabor,15.72,13.46,1.58
2026-02-16,Mount Tabor,14.19,13.55,1.54
2026-02-17,Mount Tabor,16.25,13.52,1.48
2026-02-18,Mount Tabor,14.69,13.62,1.45
2026-02-19,Mount Tabor,15.68,13.76,1.45
2026-02-20,Mount Tabor,15.02,13.9,1.35
2026-02-21,Mount Tabor,15.15,14.01,1.3
2026-02-22,Mount Tabor,15.6,14.11,1.31
2026-02-23,Mount Tabor,16.03,14.2,1.35
2026-02-24,Mount Tabor,16.33,14.35,1.32
2026-02-25,Mount Tabor,15.89,14.5,1.23
2026-02-26,Mount Tabor,16.78,14.66,1.21
2026-02-27,Mount Tabor,16.59,14.79,1.2
2026-02-28,Mount Tabor,17.59,14.92,1.28
2026-03-01,Mount Tabor,17.11,15.01,1.34
2026-03-02,Mount Tabor,20.85,15.25,1.68
2026-03-03,Mount Tabor,17.45,15.38,1.71
2026-03-04,Mount Tabor,17.76,15.53,1.7
2026-03-05,Mount Tabor,17.4,15.63,1.72
2026-03-06,Mount Tabor,18.24,15.85,1.62
2026-03-07,Mount Tabor,17.96,16.01,1.57
2026-03-08,Mount Tabor,22.72,16.29,1.96
2026-03-09,Mount Tabor,17.64,16.41,1.93
2026-03-10,Mount Tabor,19.27,16.59,1.94
2026-03-11,Mount Tabor,18.87,16.74,1.94
2026-03-12,Mount Tabor,18.66,16.89,1.91
2026-03-13,Mount Tabor,19.36,17.04,1.92
2026-03-14,Mount Tabor,20.13,17.21,1.95
2026-03-15,Mount Tabor,19.25,17.36,1.94
2026-03-16,Mount Tabor,18.95,17.44,1.96
2026-03-17,Mount Tabor,20.48,17.6,2.0
2026-03-18,Mount Tabor,20.19,17.8,1.95
2026-03-19,Mount Tabor,19.72,17.91,1.96
2026-03-20,Mount Tabor,19.26,18.06,1.88
2026-03-21,Mount Tabor,20.92,18.24,1.89
2026-03-22,Mount Tabor,19.85,18.4,1.81
2026-03-23,Mount Tabor,21.36,18.61,1.78
2026-03-24,Mount Tabor,21.31,18.8,1.75
2026-03-25,Mount Tabor,20.39,18.94,1.7
2026-03-26,Mount Tabor,21.85,19.13,1.7
2026-03-27,Mount Tabor,22.6,19.35,1.7
2026-03-28,Mount Tabor,22.13,19.53,1.7
2026-03-29,Mount Tabor,22.12,19.71,1.67
2026-03-30,Mount Tabor,23.14,19.9,1.74
2026-03-31,Mount Tabor,22.3,20.07,1.71
2026-04-01,Mount Tabor,21.78,20.1,1.73
2026-04-02,Mount Tabor,23.23,20.29,1.75
2026-04-03,Mount Tabor,23.96,20.5,1.8
2026-04-04,Mount Tabor,23.19,20.69,1.77
2026-04-05,Mount Tabor,23.29,20.86,1.77
2026-04-06,Mount Tabor,23.83,21.06,1.76
2026-04-07,Mount Tabor,23.39,21.08,1.79
2026-04-08,Mount Tabor,22.25,21.23,1.67
2026-04-09,Mount Tabor,24.53,21.41,1.74
2026-04-10,Mount Tabor,24.42,21.59,1.75
2026-04-11,Mount Tabor,23.76,21.76,1.7
2026-04-12,Mount Tabor,23.92,21.92,1.69
2026-04-13,Mount Tabor,24.57,22.06,1.72
2026-04-14,Mount Tabor,25.3,22.27,1.73
2026-04-15,Mount Tabor,27.33,22.55,1.85
2026-04-16,Mount Tabor,24.77,22.69,1.85
2026-04-17,Mount Tabor,24.65,22.84,1.82
2026-04-18,Mount Tabor,26.61,23.07,1.85
2026-04-19,Mount Tabor,26.31,23.3,1.8
2026-04-20,Mount Tabor,25.44,23.45,1.78
2026-04-21,Mount Tabor,24.96,23.62,1.66
2026-04-22,Mount Tabor,26.51,23.79,1.69
2026-04-23,Mount Tabor,24.87,23.91,1.63
2026-04-24,Mount Tabor,26.5,24.12,1.55
2026-04-25,Mount Tabor,25.44,24.24,1.51
2026-04-26,Mount Tabor,26.34,24.36,1.53
2026-04-27,Mount Tabor,25.79,24.48,1.49
2026-04-28,Mount Tabor,26.93,24.64,1.48
2026-04-29,Mount Tabor,25.97,24.74,1.47
2026-04-30,Mount Tabor,26.73,24.89,1.44
2026-05-01,Mount Tabor,26.74,25.05,1.36
2026-05-02,Mount Tabor,27.24,25.18,1.37
2026-05-03,Mount Tabor,26.09,25.26,1.36
2026-05-04,Mount Tabor,28.1,25.42,1.4
2026-05-05,Mount Tabor,27.59,25.56,1.39
2026-05-06,Mount Tabor,27.89,25.7,1.41
2026-05-07,Mount Tabor,27.47,25.83,1.38
2026-05-08,Mount Tabor,27.75,26.02,1.25
2026-05-09,Mount Tabor,28.76,26.16,1.31
2026-05-10,Mount Tabor,25.91,26.21,1.27
2026-05-11,Mount Tabor,26.92,26.31,1.19
2026-05-12,Mount Tabor,26.96,26.41,1.1
2026-05-13,Mount Tabor,33.06,26.7,1.59
2026-05-14,Mount Tabor,27.67,26.78,1.58
2026-05-15,Mount Tabor,29.23,26.84,1.64
2026-05-16,Mount Tabor,28.05,26.95,1.61
